,radius_mean,texture_mean,perimeter_mean,area_mean,smoothness_mean,compactness_mean,concavity_mean,concave.points_mean,symmetry_mean,fractal_dimension_mean,radius_se,texture_se,perimeter_se,area_se,smoothness_se,compactness_se,concavity_se,concave.points_se,symmetry_se,fractal_dimension_se,radius_worst,texture_worst,perimeter_worst,area_worst,smoothness_worst,compactness_worst,concavity_worst,concave.points_worst,symmetry_worst,fractal_dimension_worst
0,13.671442857142855,19.025428571428574,88.81250000000004,608.0128571428572,0.09550992857142863,0.09973814285714291,0.07966583357142856,0.044241335714285714,0.18030285714285707,0.06307607142857141,0.38590214285714275,1.212945714285715,2.7284349999999993,36.07377142857145,0.007043992857142855,0.023777535714285716,0.028661704285714285,0.011614235714285708,0.020176421428571425,0.003717121428571427,15.637685714285713,25.15171428571428,102.92378571428576,808.1121428571428,0.13033942857142858,0.23783550000000012,0.24298235000000012,0.10585228571428569,0.2836135714285716,0.08297728571428573
